MSE,RMSE,MAE,R2,MAPE,Direction Accuracy
0.0001442234788555652,0.012009308009022219,0.010267428122460842,0.9953498840332031,22.43064,65.21048719508074
