MSE,RMSE,MAE,R2,MAPE,Direction Accuracy
0.0006483266479335725,0.02546225928572664,0.023553283885121346,0.9790964126586914,31.475222,67.06196364619231
